date,category,title,link,author
2020-04-30,,"'맛남의 광장' 백종원, 이번엔 주꾸미 살리기 나섰다…소유 먹방 '열일'[종합]",https://news.chosun.com/site/data/html_dir/2020/04/30/2020043002033.html,스포츠조선=김준석
2020-04-30,,구단에 뿔난 메시 '쿠티뉴 매각할 생각이면 뎀벨레 팔아라',https://news.chosun.com/site/data/html_dir/2020/04/30/2020043001989.html,스포츠조선=김가을
2020-04-30,,대구 의료봉사 안철수 부부…의료진에게 결혼기념 케이크 받았다,https://news.chosun.com/site/data/html_dir/2020/04/30/2020043001949.html,김형원
2020-04-30,,"'사랑의 콜센타' 장민호, 정동원 향한 '찐팬♥'에 감동 눈물",https://news.chosun.com/site/data/html_dir/2020/04/30/2020043001930.html,스포츠조선=이지현
2020-04-30,,"'어서와' 필립 ""'이태원클라쓰'로 한국어 배워…박새로이 응원""[종합]",https://news.chosun.com/site/data/html_dir/2020/04/30/2020043001919.html,스포츠조선=김준석
2020-04-30,,[카페 2040] '터치'의 종말?,https://news.chosun.com/site/data/html_dir/2020/04/30/2020043001914.html,최보윤 문화부 차장
2020-04-30,,"윤석열 이천 화재 수사지휘에...황희석 ""검찰 ××들 언론플레이""",https://news.chosun.com/site/data/html_dir/2020/04/30/2020043001915.html,김아사
2020-04-30,,[속보] 美 '코로나 실직' 6주새 3000만명...서울 인구의 3배,https://news.chosun.com/site/data/html_dir/2020/04/30/2020043001875.html,신수지
2020-04-30,,"[종합]'밥블레스유2' 임영웅X이찬원X정동원X장민호, '송김박장'과 나눈 고민상담",https://news.chosun.com/site/data/html_dir/2020/04/30/2020043001902.html,스포츠조선=이지현
2020-04-30,,"[포토] 정근우, 토스!",https://news.chosun.com/site/data/html_dir/2020/04/30/2020043001884.html,스포츠조선=박재만
2020-04-30,,"[포토] 박용택, 소중한 시간",https://news.chosun.com/site/data/html_dir/2020/04/30/2020043001888.html,스포츠조선=박재만
2020-04-30,,"[포토] 박용택, 소중한 마지막 시즌을 앞두고",https://news.chosun.com/site/data/html_dir/2020/04/30/2020043001896.html,스포츠조선=박재만
2020-04-30,,[포토] 생각이 많은 LG 라모스,https://news.chosun.com/site/data/html_dir/2020/04/30/2020043001906.html,스포츠조선=박재만
2020-04-30,,"[포토] 오지환, 공을 끝까지 보고!",https://news.chosun.com/site/data/html_dir/2020/04/30/2020043001900.html,스포츠조선=박재만
2020-04-30,,"[포토] 오지환, 끝까지 공을 보고 친다!",https://news.chosun.com/site/data/html_dir/2020/04/30/2020043001904.html,스포츠조선=박재만
2020-04-30,,"[포토] 오지환, 매서운 스윙",https://news.chosun.com/site/data/html_dir/2020/04/30/2020043001894.html,스포츠조선=박재만
2020-04-30,,"[포토] 오지환, 훈련에 집중",https://news.chosun.com/site/data/html_dir/2020/04/30/2020043001910.html,스포츠조선=박재만
2020-04-30,,"[포토] 라모스, 스윙 연구",https://news.chosun.com/site/data/html_dir/2020/04/30/2020043001892.html,스포츠조선=박재만
2020-04-30,,"[포토] 라모스, 가볍게 캐치!",https://news.chosun.com/site/data/html_dir/2020/04/30/2020043001886.html,스포츠조선=박재만
2020-04-30,,"[포토] 오지환, 타구를 바라보며",https://news.chosun.com/site/data/html_dir/2020/04/30/2020043001890.html,스포츠조선=박재만
2020-04-30,,"[포토] 김현수, 오늘도 훈련!",https://news.chosun.com/site/data/html_dir/2020/04/30/2020043001882.html,스포츠조선=박재만
2020-04-30,,"[포토] 라모스, '고심'",https://news.chosun.com/site/data/html_dir/2020/04/30/2020043001908.html,스포츠조선=박재만
2020-04-30,,"[포토] 오지환, 정확하게 배트 스팟에 맞춰!",https://news.chosun.com/site/data/html_dir/2020/04/30/2020043001898.html,스포츠조선=박재만
2020-04-30,,프랑스 리그1 조기종료. 석현준 승격 좌절 눈물,https://news.chosun.com/site/data/html_dir/2020/04/30/2020043001873.html,스포츠조선=윤진만
2020-04-30,,'국내 최초 미술전문기자' 이구열씨 별세...향년 89세,https://news.chosun.com/site/data/html_dir/2020/04/30/2020043001862.html,뉴시스
2020-04-30,,'판문점 연주' 첼리스트 거장 린 하렐 별세...향년 76세,https://news.chosun.com/site/data/html_dir/2020/04/30/2020043001861.html,뉴시스
2020-04-30,,"[5Q정치] 재난지원금, 쇼핑몰·대형마트에서 쓸 수 있나요?",https://news.chosun.com/site/data/html_dir/2020/04/30/2020043001849.html,김은중
2020-04-30,,"'위기에도 자신감' 우드워드 부회장, 솔샤르 감독에 선수 영입 약속",https://news.chosun.com/site/data/html_dir/2020/04/30/2020043001845.html,스포츠조선=김가을
2020-04-30,,"양세종, 5월 12일 현역 군 입대",https://news.chosun.com/site/data/html_dir/2020/04/30/2020043001824.html,뉴시스
2020-04-30,,"'위험한 약속' 의식 잃고 쓰러진 박하나, 파장 예고",https://news.chosun.com/site/data/html_dir/2020/04/30/2020043001831.html,스포츠조선=김준석
2020-04-30,,"델레 알리 ""아스널? 우리의 라이벌은 첼시다"" (ft.SB의 혈투)",https://news.chosun.com/site/data/html_dir/2020/04/30/2020043001829.html,스포츠조선=윤진만
2020-04-30,,[SC영상] ‘우승을 향해’ LG 트윈스 김대현 ‘오늘도 힘차게!’,https://news.chosun.com/site/data/html_dir/2020/04/30/2020043001833.html,스포츠조선=박재만
2020-04-30,,[SC영상] ‘목표는 우승’ LG 트윈스 ‘첫 야간 훈련’,https://news.chosun.com/site/data/html_dir/2020/04/30/2020043001820.html,스포츠조선=박재만
2020-04-30,,"""지금처럼 건강하게"" '이휘재♥' 문정원, 서언X서준과 달콤한 일상",https://news.chosun.com/site/data/html_dir/2020/04/30/2020043001822.html,스포츠조선=김준석
2020-04-30,,[포토] '텅 빈 관중석',https://news.chosun.com/site/data/html_dir/2020/04/30/2020043001808.html,스포츠조선=박재만
2020-04-30,,[포토] '텅 빈 관중석 위 라이트',https://news.chosun.com/site/data/html_dir/2020/04/30/2020043001796.html,스포츠조선=박재만
2020-04-30,,[포토] '관중이 그리운 야구장',https://news.chosun.com/site/data/html_dir/2020/04/30/2020043001800.html,스포츠조선=박재만
2020-04-30,,"[포토] LG, 우승을 향해!",https://news.chosun.com/site/data/html_dir/2020/04/30/2020043001792.html,스포츠조선=박재만
2020-04-30,,"[포토] LG, 개막을 앞두고 야간 훈련",https://news.chosun.com/site/data/html_dir/2020/04/30/2020043001804.html,스포츠조선=박재만
2020-04-30,,"[포토] 정근우, 오늘도 즐겁게",https://news.chosun.com/site/data/html_dir/2020/04/30/2020043001798.html,스포츠조선=박재만
2020-04-30,,"[포토] 박용택, 후배들과 함께 훈련",https://news.chosun.com/site/data/html_dir/2020/04/30/2020043001802.html,스포츠조선=박재만
2020-04-30,,"[포토] 박용택, 마지막 시즌을 앞두고",https://news.chosun.com/site/data/html_dir/2020/04/30/2020043001806.html,스포츠조선=박재만
2020-04-30,,"[포토] 고우석, 진지한 눈빛",https://news.chosun.com/site/data/html_dir/2020/04/30/2020043001816.html,스포츠조선=박재만
2020-04-30,,"[포토] 고우석, 오늘도 훈련",https://news.chosun.com/site/data/html_dir/2020/04/30/2020043001810.html,스포츠조선=박재만
2020-04-30,,"[포토] 유지현 코치, 즐거운 대화",https://news.chosun.com/site/data/html_dir/2020/04/30/2020043001814.html,스포츠조선=박재만
2020-04-30,,"[포토] 이병규 코치, 예리한 눈빛",https://news.chosun.com/site/data/html_dir/2020/04/30/2020043001788.html,스포츠조선=박재만
2020-04-30,,"[포토] 정우영-차우찬, 오늘은 회복 훈련에 집중",https://news.chosun.com/site/data/html_dir/2020/04/30/2020043001766.html,스포츠조선=박재만
2020-04-30,,"[포토] 켈리, 즐겁게 훈련",https://news.chosun.com/site/data/html_dir/2020/04/30/2020043001774.html,스포츠조선=박재만
2020-04-30,,"[포토] 켈리, 즐거운 마음으로",https://news.chosun.com/site/data/html_dir/2020/04/30/2020043001770.html,스포츠조선=박재만
2020-04-30,,"[포토] 켈리, 공을 물끄러미 바라보며",https://news.chosun.com/site/data/html_dir/2020/04/30/2020043001772.html,스포츠조선=박재만
2020-04-30,,"[포토] 이상규-김지용, 서로의 투구폼을 바라보며",https://news.chosun.com/site/data/html_dir/2020/04/30/2020043001768.html,스포츠조선=박재만
2020-04-30,,"[포토] 이상규-김지용, 오늘도 즐거운 마음으로",https://news.chosun.com/site/data/html_dir/2020/04/30/2020043001780.html,스포츠조선=박재만
2020-04-30,,"[포토] 이상규-김지용, 훈련도 즐겁게",https://news.chosun.com/site/data/html_dir/2020/04/30/2020043001776.html,스포츠조선=박재만
2020-04-30,,"[포토] 김대유, 매서운 눈빛",https://news.chosun.com/site/data/html_dir/2020/04/30/2020043001778.html,스포츠조선=박재만
2020-04-30,,"[포토] 켈리, 튜빙기로 스트레칭부터",https://news.chosun.com/site/data/html_dir/2020/04/30/2020043001748.html,스포츠조선=박재만
2020-04-30,,"[포토] 켈리, 진지한 눈빛",https://news.chosun.com/site/data/html_dir/2020/04/30/2020043001746.html,스포츠조선=박재만
2020-04-30,,"[포토] 최동환, 오늘도 훈련",https://news.chosun.com/site/data/html_dir/2020/04/30/2020043001758.html,스포츠조선=박재만
2020-04-30,,"[포토] 윌슨, 해맑은 미소",https://news.chosun.com/site/data/html_dir/2020/04/30/2020043001750.html,스포츠조선=박재만
2020-04-30,,"[포토] 김재걸-가득염 코치, 진지한 눈빛",https://news.chosun.com/site/data/html_dir/2020/04/30/2020043001754.html,스포츠조선=박재만
2020-04-30,,"'TV는사랑을싣고' 이은하, 13살 시절 데뷔곡 '님마중' 작곡가 찾는다",https://news.chosun.com/site/data/html_dir/2020/04/30/2020043001742.html,스포츠조선=이지현
2020-04-30,,"[포토] 켈리-윌슨, 개막을 앞두고 훈련",https://news.chosun.com/site/data/html_dir/2020/04/30/2020043001762.html,스포츠조선=박재만
2020-04-30,,"[포토] 김대현, 2020시즌을 향해!",https://news.chosun.com/site/data/html_dir/2020/04/30/2020043001764.html,스포츠조선=박재만
2020-04-30,,"[포토] 김대현, 혼신의 힘을 다해",https://news.chosun.com/site/data/html_dir/2020/04/30/2020043001752.html,스포츠조선=박재만
2020-04-30,,"[포토] 김대현, 더 강력한 직구를 만든다",https://news.chosun.com/site/data/html_dir/2020/04/30/2020043001756.html,스포츠조선=박재만
2020-04-30,,"[포토] 김대현, 투구 전 사인부터 체크",https://news.chosun.com/site/data/html_dir/2020/04/30/2020043001744.html,스포츠조선=박재만
2020-04-30,,"[포토] LG, 2020시즌 개막을 앞두고 야간 훈련",https://news.chosun.com/site/data/html_dir/2020/04/30/2020043001718.html,스포츠조선=박재만
2020-04-30,,"[포토] 유지현 코치, 잔디에 앉아 스트레칭",https://news.chosun.com/site/data/html_dir/2020/04/30/2020043001732.html,스포츠조선=박재만
2020-04-30,,"[포토] 김대현-최일언 코치, 2020시즌을 향해",https://news.chosun.com/site/data/html_dir/2020/04/30/2020043001724.html,스포츠조선=박재만
2020-04-30,,"[포토] 이병규 코치, 개막을 앞두고 야간 훈련",https://news.chosun.com/site/data/html_dir/2020/04/30/2020043001726.html,스포츠조선=박재만
2020-04-30,,"[포토] 유강남, 배팅 훈련을 기다리며",https://news.chosun.com/site/data/html_dir/2020/04/30/2020043001722.html,스포츠조선=박재만
2020-04-30,,"[포토] 유강남, 2020시즌 LG의 안방 마님",https://news.chosun.com/site/data/html_dir/2020/04/30/2020043001728.html,스포츠조선=박재만
2020-04-30,,"[포토] 구본혁, 타격 훈련 마치고 더그아웃으로 향하며",https://news.chosun.com/site/data/html_dir/2020/04/30/2020043001736.html,스포츠조선=박재만
2020-04-30,,"[포토] 채은성, 구슬땀 흘리며",https://news.chosun.com/site/data/html_dir/2020/04/30/2020043001738.html,스포츠조선=박재만
2020-04-30,,"[포토] 신민재, 오늘 훈련 끝",https://news.chosun.com/site/data/html_dir/2020/04/30/2020043001734.html,스포츠조선=박재만
2020-04-30,,"[포토] 김호은, 배트야 잘 부탁한다",https://news.chosun.com/site/data/html_dir/2020/04/30/2020043001740.html,스포츠조선=박재만
2020-04-30,,"토트넘, 일단 선수단 4월 급여 100% 지급",https://news.chosun.com/site/data/html_dir/2020/04/30/2020043001941.html,스포츠조선=이건
2020-04-30,,"포체티노 ""언젠가 토트넘에 돌아오고 싶어""",https://news.chosun.com/site/data/html_dir/2020/04/30/2020043001716.html,스포츠조선=이건
2020-04-30,,"개리 네빌 쓴소리 ""사람 죽어야 리그 중단할텐가""",https://news.chosun.com/site/data/html_dir/2020/04/30/2020043001794.html,스포츠조선=이건
2020-04-30,,영국 언론 'EPL 내 확진자 발생해도 시즌 재개 한다',https://news.chosun.com/site/data/html_dir/2020/04/30/2020043001730.html,스포츠조선=이건
2020-04-30,,이탈리아 세리에A 리그 재개 먹구름,https://news.chosun.com/site/data/html_dir/2020/04/30/2020043001690.html,스포츠조선=이건
2020-04-30,,"맨유, 제이든 산초 오면 '에이스' 7번 물려준다",https://news.chosun.com/site/data/html_dir/2020/04/30/2020043001680.html,스포츠조선=이건
2020-04-30,,"양세종, 5월 12일 현역 군입대 ""조용한 입대 원해""→전속계약 논의중 [종합]",https://news.chosun.com/site/data/html_dir/2020/04/30/2020043001682.html,스포츠조선=이지현
2020-04-30,,"스페인 매체 '오바메양, 아스널과 재계약 가능성'",https://news.chosun.com/site/data/html_dir/2020/04/30/2020043001676.html,스포츠조선=이건
2020-04-30,,글로부 기자 50명이 뽑은 역대 최고의 챔스 결승,https://news.chosun.com/site/data/html_dir/2020/04/30/2020043001678.html,스포츠조선=윤진만
2020-04-30,,"'식자재 배달원' 변신 무리뉴 주장 ""무관중으로 남은 9경기 마치자""",https://news.chosun.com/site/data/html_dir/2020/04/30/2020043001855.html,스포츠조선=노주환
2020-04-30,,"핫펠트 ""코로나 검사, 음성 판정…다행히 단순 몸살 감기""",https://news.chosun.com/site/data/html_dir/2020/04/30/2020043001663.html,스포츠조선=김준석
2020-04-30,,'클롭 감독님 충성충성!' 베르너가 리버풀로 가고 싶은 진짜 이유,https://news.chosun.com/site/data/html_dir/2020/04/30/2020043001665.html,스포츠조선=이원만
2020-04-30,,"우승 노리는 이정후 과감한 공약 ""金정후 분장하고 노래 부르겠다""",https://news.chosun.com/site/data/html_dir/2020/05/01/2020050100297.html,스포츠조선=선수민
2020-04-30,,"""클롭, AT 마드리드 비판은 잘못됐다"" 캐러거의 쓴소리",https://news.chosun.com/site/data/html_dir/2020/04/30/2020043001633.html,스포츠조선=김가을
2020-04-30,,[오늘의 운세] 5월 1일 금요일 (음력 4월 9일 甲辰),https://news.chosun.com/site/data/html_dir/2020/04/24/2020042402645.html,조선일보
2020-04-30,,"송가인 ""음원 수익 코로나19 기부…국악인 후원할 것""",https://news.chosun.com/site/data/html_dir/2020/04/30/2020043001544.html,뉴시스
2020-04-30,,"코로나로 연기됐던 제56회 대종상 영화제, 6월 개최",https://news.chosun.com/site/data/html_dir/2020/04/30/2020043001543.html,뉴시스
2020-04-30,,"FA 박하나, 연봉 6000만원에 삼성생명 잔류…2년 계약",https://news.chosun.com/site/data/html_dir/2020/04/30/2020043001542.html,뉴시스
2020-04-30,,"샤라포바, 온라인 테니스 자선대회 참가",https://news.chosun.com/site/data/html_dir/2020/04/30/2020043001541.html,뉴시스
2020-04-30,,"경찰, 화재참사 이천 물류창고 시공사 등 압수수색",https://news.chosun.com/site/data/html_dir/2020/04/30/2020043001498.html,권상은
2020-04-30,,'바다의 블랙홀' 테트라포드 경계령...해운대서 남성 추락사,https://news.chosun.com/site/data/html_dir/2020/04/30/2020043001494.html,김준호
2020-04-30,,'슬의생' 신원호 감독이 꼽은 명장면 비하인드 #캐논합주 #칼국수먹방,https://news.chosun.com/site/data/html_dir/2020/04/30/2020043001565.html,스포츠조선=김준석
2020-04-30,,"[SC핫이슈]3일 공개되는 윌리엄스 감독의 선택, 개막전 선발+홍건희까지 가세한 5선발",https://news.chosun.com/site/data/html_dir/2020/05/01/2020050100283.html,스포츠조선=김진회
2020-04-30,,"'독불장군' 즐라탄의 LA 뒷담화 폭로 이어졌다, ""그는 라커룸에서 좋은 동료 아니었다""",https://news.chosun.com/site/data/html_dir/2020/04/30/2020043001537.html,스포츠조선=노주환
2020-04-30,,"브라이턴 머레이, ""코너킥 때는 사회적거리두기 어떻게 하나""",https://news.chosun.com/site/data/html_dir/2020/04/30/2020043001533.html,스포츠조선=이원만
2020-04-30,,그래도 페널티는 호날두…PK 성공률 85% > 메시 77%,https://news.chosun.com/site/data/html_dir/2020/04/30/2020043001535.html,스포츠조선=윤진만
2020-04-30,,"송승헌, 유역비 SNS에 '좋아요'→재결합설…""스태프 실수"" 해프닝 종료[종합]",https://news.chosun.com/site/data/html_dir/2020/04/30/2020043001818.html,스포츠조선=김준석
2020-04-30,,"손태영, '마스크+장갑'에도 빛나는 미모 ""열흘만에 장보러 가는 날""",https://news.chosun.com/site/data/html_dir/2020/04/30/2020043001521.html,스포츠조선=이지현
2020-04-30,,"[SC인터뷰]롯데 안방 고민 해결사로 떠오른 정보근, 실제 만나보니…",https://news.chosun.com/site/data/html_dir/2020/05/01/2020050100352.html,스포츠조선=정현석
2020-04-30,,"여수 경도, 한국의 '센토사섬'으로...5월 착공한다",https://news.chosun.com/site/data/html_dir/2020/04/30/2020043001483.html,조홍복
2020-04-30,,"""거꾸로 추"" 추성훈 딸 추사랑, 물구나무도 거뜬한 놀라운 운동신경",https://news.chosun.com/site/data/html_dir/2020/04/30/2020043001499.html,스포츠조선=김준석
2020-04-30,,코로나 3차례 완치됐는데...폐에서 잔류 바이러스 발견,https://news.chosun.com/site/data/html_dir/2020/04/30/2020043001487.html,임규민
2020-04-30,,"[위크엔드스토리]""삼례여중 축구부 해체유감"" 슈팅걸스 시사회 찾은 여축스타★",https://news.chosun.com/site/data/html_dir/2020/05/01/2020050100216.html,스포츠조선=전영지
2020-04-30,,[공식]힙합 뮤직쇼 '굿걸' 효연·치타·에일리→이영지 10人 출격…5월 14일 첫방,https://news.chosun.com/site/data/html_dir/2020/04/30/2020043001503.html,스포츠조선=이지현
2020-04-30,,"미술관의 문, 열리기 시작...대전예술계, 활기 되찾아",https://news.chosun.com/site/data/html_dir/2020/04/30/2020043001462.html,우정식
2020-04-30,,"'더킹' 이민호, 황제 '이곤'에 200% 몰입 ""노력X열정킹""",https://news.chosun.com/site/data/html_dir/2020/04/30/2020043001490.html,스포츠조선=이지현
2020-04-30,,한국의 日기업 자산매각 대비해 두자릿수 보복 옵션 준비한다는 일본,https://news.chosun.com/site/data/html_dir/2020/04/30/2020043001471.html,이옥진
2020-04-30,,"'어서와' 김명수-신예은, 냥냥美X멍뭉美 한가득♥'종방 소감'",https://news.chosun.com/site/data/html_dir/2020/04/30/2020043001492.html,스포츠조선=김준석
2020-04-30,,"'김희애 남편' 이찬진, 40억원대 횡령 혐의 피소",https://news.chosun.com/site/data/html_dir/2020/04/30/2020043001447.html,김명진
2020-04-30,,"""하하핫"" 방탄소년단 슈가, 딸기 농장 밝히는 '자체발광 잘생김'",https://news.chosun.com/site/data/html_dir/2020/04/30/2020043001477.html,스포츠조선=김준석
2020-04-30,,"""트라웃·슈어저, 입심도 팀내 1인자""…MLB 최고 트래쉬 토커는?",https://news.chosun.com/site/data/html_dir/2020/04/30/2020043001479.html,스포츠조선=김영록
2020-04-30,,"정세균 ""재난지원금 지급 확대는 소통과 협치 산물""",https://news.chosun.com/site/data/html_dir/2020/04/30/2020043001443.html,박상기
2020-04-30,,"술 보다 코로나...알코올, 손소독제로 발빠른 변신",https://news.chosun.com/site/data/html_dir/2020/04/30/2020043001435.html,홍준기
2020-04-30,,"노보텔 앰배서더 동대문, 어린이날 프로모션 진행",https://news.chosun.com/site/data/html_dir/2020/04/30/2020043001449.html,스포츠조선=장종호
2020-04-30,,"'무관중 경기' 경험자 벅 쇼월터의 증언, ""유쾌한 기억은 아니다""",https://news.chosun.com/site/data/html_dir/2020/04/30/2020043001452.html,스포츠조선=노재형
2020-04-30,,원로 미술평론가 이구열 별세,https://news.chosun.com/site/data/html_dir/2020/04/30/2020043001431.html,정상혁
2020-04-30,,"'편애중계' 아이유부터 나얼까지, 7인 모창가수들 목소리로 듣는 축가",https://news.chosun.com/site/data/html_dir/2020/04/30/2020043001456.html,스포츠조선=김준석
2020-04-30,,"김민♥이지호 부부, 결혼 14주년 홈파티 ""멋진 남편과 아빠라서 고마워""",https://news.chosun.com/site/data/html_dir/2020/04/30/2020043001450.html,스포츠조선=이지현
2020-04-30,,변수 많은 5월의 K리그 누가누가 유리한가. 대진표 분석해보니,https://news.chosun.com/site/data/html_dir/2020/05/01/2020050100226.html,스포츠조선=윤진만
2020-04-30,,'맛남의 광장' 금어기 앞둔 주꾸미 소비촉진 위해 농벤져스 출동(ft. 소유),https://news.chosun.com/site/data/html_dir/2020/04/30/2020043001454.html,스포츠조선=김준석
2020-04-30,,"[공식] 에이티즈, 오늘 트위터 블루룸 라이브…팔로워 100만명→세계관 공개",https://news.chosun.com/site/data/html_dir/2020/04/30/2020043001445.html,스포츠조선=백지은
2020-04-30,,"'외식하는날' 송가인 ""코로나-19 기부…국악인도 후원하고파""",https://news.chosun.com/site/data/html_dir/2020/04/30/2020043001429.html,스포츠조선=김준석
2020-04-30,,"'편스토랑' 이영자, 맛집 웨이팅 중 육중완 급 만남 '즉석 미니콘서트'",https://news.chosun.com/site/data/html_dir/2020/04/30/2020043001433.html,스포츠조선=김준석
2020-04-30,,"20%, 17% 감원...떨고 있는 미국 우버·리프트 직원들",https://news.chosun.com/site/data/html_dir/2020/04/30/2020043001407.html,이옥진
2020-04-30,,'홈데렐라' 정형돈이 놓쳐 아쉬워한 성북동 집은?,https://news.chosun.com/site/data/html_dir/2020/04/30/2020043001427.html,스포츠조선=김준석
2020-04-30,,"[김광일의 입] ‘관제 기부’, 결국 국민 갈라 놓을 것",https://news.chosun.com/site/data/html_dir/2020/04/30/2020043001396.html,김광일 논설위원
2020-04-30,,"'어서와' 충남 아산FC 축구선수 필립, 한국살이 초보의 일상 공개",https://news.chosun.com/site/data/html_dir/2020/04/30/2020043001421.html,스포츠조선=김준석
2020-04-30,,"'사랑의 콜센타' 임영웅, 음성 변조X듀엣 요청 '의문의 신청자'에 '당황'",https://news.chosun.com/site/data/html_dir/2020/04/30/2020043001419.html,스포츠조선=김준석
2020-04-30,,"[공식]하성운, '더 킹:영원의 군주' OST 참여…이민호♥김고은 로맨스 몰입도UP",https://news.chosun.com/site/data/html_dir/2020/04/30/2020043001423.html,스포츠조선=이지현
2020-04-30,,"'편스토랑' 오윤아 아들, 카메라 삼촌들에게 뜨거운 포옹 '사랑둥이 민이'",https://news.chosun.com/site/data/html_dir/2020/04/30/2020043001415.html,스포츠조선=김준석
2020-04-30,,"'주문 바다요' 주상욱X조재윤X양경원X유수빈, 첫 낚시부터 난관 봉착",https://news.chosun.com/site/data/html_dir/2020/04/30/2020043001402.html,스포츠조선=김준석
2020-04-30,,"파라다이스시티, '원스톱 힐캉스' 프로모션 실시",https://news.chosun.com/site/data/html_dir/2020/04/30/2020043001404.html,스포츠조선=장종호
2020-04-30,,"[원티드 릴레이 인터뷰]조영욱 ""송민규 선수의 질문 묻고 더블로, 박주호 선배께 요청!""",https://news.chosun.com/site/data/html_dir/2020/05/01/2020050100279.html,스포츠조선=김가을
2020-04-30,,"[원티드 릴레이 인터뷰]⑩ '천당과 지옥' 영건 조영욱 ""이제 진짜 잘해야 한다""",https://news.chosun.com/site/data/html_dir/2020/05/01/2020050100238.html,스포츠조선=김가을
2020-04-30,,'부부의 세계' 시청률부터 화제성까지 '올킬'…독주에 이유 있다,https://news.chosun.com/site/data/html_dir/2020/04/30/2020043001398.html,스포츠조선=김준석
2020-04-30,,"왼쪽 풀백 보강 원하는 아스널, 세비야 레길론 주시",https://news.chosun.com/site/data/html_dir/2020/04/30/2020043001696.html,스포츠조선=김용
2020-04-30,,'죄송하다'만 반복하다 기절한 이천 참사 시공사 대표,https://news.chosun.com/site/data/html_dir/2020/04/30/2020043001384.html,유종헌
2020-04-30,,"트와이스, 유튜브 오리지널 다큐 공개…트와이스 시작-현재-미래 담았다",https://news.chosun.com/site/data/html_dir/2020/04/30/2020043001405.html,스포츠조선=김준석
2020-04-30,,"'공부가 머니?' MC 소이현 ""나중에 태어나면 인교진 딸로 태어나고파""",https://news.chosun.com/site/data/html_dir/2020/04/30/2020043001392.html,스포츠조선=김준석
2020-04-30,,"첼시와 램파드, 나폴리 베테랑 공격수 메르텐스 원한다",https://news.chosun.com/site/data/html_dir/2020/04/30/2020043001488.html,스포츠조선=김용
2020-04-30,,"""뉴욕 한복판서 악취가 나요""...트럭에 쌓여있는 50여구 시신",https://news.chosun.com/site/data/html_dir/2020/04/30/2020043001365.html,임규민
2020-04-30,,"'나 혼자 산다' 송승헌, 완벽 비주얼에 2% 부족한 낚시실력?",https://news.chosun.com/site/data/html_dir/2020/04/30/2020043001388.html,스포츠조선=김준석
2020-04-30,,"문희상 국회의장 ""5월 8일 '원포인트 개헌안' 처리 위한 본회의 개최 검토""",https://news.chosun.com/site/data/html_dir/2020/04/30/2020043001350.html,박상기
2020-04-30,,"유진 x 딸 로희, 사랑스러운 커플룩으로 '러블리 모녀' 인증",https://news.chosun.com/site/data/html_dir/2020/04/30/2020043001386.html,스포츠조선=김준석
2020-04-30,,국내 비트코인 시세 1100만원 돌파…12% 급등,https://news.chosun.com/site/data/html_dir/2020/04/30/2020043001346.html,정철환
2020-04-30,,'밥블레스유2' 임영웅x이찬원x정동원x장민호 떴다…송김박장의 '인생누나' 데뷔,https://news.chosun.com/site/data/html_dir/2020/04/30/2020043001390.html,스포츠조선=김준석
2020-04-30,,"동네 할아버지의 초등생 향한 못된 손길...법원, 유죄 내렸다",https://news.chosun.com/site/data/html_dir/2020/04/30/2020043001139.html,김준호
2020-04-30,,"GOT7, 새 앨범 역대급 성적…아이튠즈 차트 해외 50개 지역 1위 대기록",https://news.chosun.com/site/data/html_dir/2020/04/30/2020043001354.html,스포츠조선=김준석
2020-04-30,,"'나 혼자 산다' 한혜진, 무려 100벌 챌린지 도전…톱모델의 재능기부 플렉스",https://news.chosun.com/site/data/html_dir/2020/04/30/2020043001356.html,스포츠조선=김준석
2020-04-30,,"'영혼수선공' 신하균-태인호-정해균, '은강 병원' 핵심 라이벌전",https://news.chosun.com/site/data/html_dir/2020/04/30/2020043001366.html,스포츠조선=김준석
2020-04-30,,"[공식] 양세종 측 ""5월 12일 현역 군입대""",https://news.chosun.com/site/data/html_dir/2020/04/30/2020043001363.html,스포츠조선=백지은
2020-04-30,,"'어서와' 김명수-배기, 막방 기념 '홍조와 홍조' 특급 투 샷 공개",https://news.chosun.com/site/data/html_dir/2020/04/30/2020043001361.html,스포츠조선=김준석
2020-04-30,,'당나귀 귀' 원년 보스 현주엽이 돌아온다…레전드 보스의 귀환 '기대UP'[공식],https://news.chosun.com/site/data/html_dir/2020/04/30/2020043001352.html,스포츠조선=김준석
2020-04-30,,"새 핸드볼 반칙 규칙 적용, 팔 범위 좁아져 핸드볼 줄어든다",https://news.chosun.com/site/data/html_dir/2020/04/30/2020043001688.html,스포츠조선=노주환
2020-04-30,,"미국인 6만명 넘게 죽었는데…""美 코로나 대처는 성공 스토리""라는 트럼프 사위",https://news.chosun.com/site/data/html_dir/2020/04/30/2020043001322.html,이옥진
2020-04-30,,"금번 황금연휴 여행인파, 우려보다는 적을 듯",https://news.chosun.com/site/data/html_dir/2020/04/30/2020043001326.html,스포츠조선=김형우
2020-04-30,,"대표 안전자산 금값 고공행진..""1년내 1900달러 돌파할 듯""",https://news.chosun.com/site/data/html_dir/2020/04/30/2020043001318.html,김지섭
2020-04-30,,"[SC이슈] 강정호 복귀? 염경엽-손혁 ""지금 얘기할 상황 아니다""",https://news.chosun.com/site/data/html_dir/2020/04/30/2020043001720.html,스포츠조선=선수민
2020-04-30,,일본 프로축구 J리그 6월7일까지 또 연기,https://news.chosun.com/site/data/html_dir/2020/04/30/2020043001297.html,뉴시스
2020-04-30,,"도쿄올림픽 골프, 내년 6월 랭킹에 따라 출전권 부여",https://news.chosun.com/site/data/html_dir/2020/04/30/2020043001296.html,뉴시스
2020-04-30,,"임영웅·이찬원·정동원·장민호, 오늘 저녁 '밥블레스유2'",https://news.chosun.com/site/data/html_dir/2020/04/30/2020043001295.html,뉴시스
2020-04-30,,"미스터트롯 고재근, '어쩌다 가족' OST 참여",https://news.chosun.com/site/data/html_dir/2020/04/30/2020043001294.html,뉴시스
2020-04-30,,"'슬의생' 5인방 절체절명의 순간, 다급하고 위급한 상황 속 그들의 선택은",https://news.chosun.com/site/data/html_dir/2020/04/30/2020043001320.html,스포츠조선=김성원
2020-04-30,,아파트 기초 공사용 자재 입찰서 담함한 17개 업체에 과징금 473억원,https://news.chosun.com/site/data/html_dir/2020/04/30/2020043001290.html,홍준기
2020-04-30,,"""日 자민당 현역 의원, 성폭력 피해 소녀 성추행 했다""",https://news.chosun.com/site/data/html_dir/2020/04/30/2020043001288.html,이옥진
2020-04-30,,"국민 10명 중 7명, ""내 금융지식 부족""",https://news.chosun.com/site/data/html_dir/2020/04/30/2020043001286.html,윤진호
2020-04-30,,"[SC포커스]삼성 개막선발, 외인 아닌 'NC킬러' 백정현...라이블리 1일 등판",https://news.chosun.com/site/data/html_dir/2020/04/30/2020043001523.html,스포츠조선=정현석
2020-04-30,,"벤츠의 다임러그룹, ""2분기는 적자 불가피""",https://news.chosun.com/site/data/html_dir/2020/04/30/2020043001265.html,류정
2020-04-30,,이천 공장 화재는 '연쇄 폭발'...부상자 2명도 위독,https://news.chosun.com/site/data/html_dir/2020/04/30/2020043001253.html,유종헌
2020-04-30,,"부사관이 남성 장교 성추행...軍하극상, 4년새 3배 늘었다",https://news.chosun.com/site/data/html_dir/2020/04/30/2020043001257.html,양승식
2020-04-30,,"[공식] 송승헌 측 ""유역비와 재결합 아냐, SNS '좋아요'는 실수""",https://news.chosun.com/site/data/html_dir/2020/04/30/2020043001280.html,스포츠조선=백지은
2020-04-30,,與 '재난지원금 기부' 운동 시작…일각선 '관제 기부' 우려도,https://news.chosun.com/site/data/html_dir/2020/04/30/2020043001245.html,박상기
2020-04-30,,"[단독] 뉴질랜드 남성 ""한국외교관 성추행 왜 제대로 조사않나""",https://news.chosun.com/site/data/html_dir/2020/04/30/2020043001234.html,노석조
2020-04-30,,"[공식] 소유, 오늘 '맛남의 광장' 출격…'먹방여신' 매력 발산",https://news.chosun.com/site/data/html_dir/2020/04/30/2020043001250.html,스포츠조선=백지은
2020-04-30,,"[SC영상] 안방마님 박동원, 젊은 후배 위해 배팅볼투수 자청!",https://news.chosun.com/site/data/html_dir/2020/04/30/2020043001241.html,스포츠조선=정재근
2020-04-30,,[종합] '정희' 광희가 밝힌 #유재석 서운 #김태호PD♥ #30% 라이브,https://news.chosun.com/site/data/html_dir/2020/04/30/2020043001278.html,스포츠조선=백지은
2020-04-30,,"MBC PD수첩 작정하고 조국펀드 옹호 ... 김경율 ""황당한 소리""",https://news.chosun.com/site/data/html_dir/2020/04/30/2020043001193.html,양은경
2020-04-30,,"""와인, 이 가격에도 안 사실래요?""",https://news.chosun.com/site/data/html_dir/2020/04/30/2020043001182.html,이송원
2020-04-30,,"文대통령, SNS에 “72일만에 국내 확진자 0명, 대한민국의 힘”",https://news.chosun.com/site/data/html_dir/2020/04/30/2020043001191.html,안준용
2020-04-30,,"[그랬구나]롯데, 야구, 그리고 껌",https://news.chosun.com/site/data/html_dir/2020/04/29/2020042903753.html,이성훈
2020-04-30,,"트럼프 ""한국 방위비 많이 내기로 했다""...靑 ""합의된 것 없다""",https://news.chosun.com/site/data/html_dir/2020/04/30/2020043001189.html,황대진
2020-04-30,,"[SC영상] 첫 안타 친 모터, 훈련 중 '씰룩씰룩' 신바람!",https://news.chosun.com/site/data/html_dir/2020/04/30/2020043001174.html,스포츠조선=정재근
2020-04-30,,"2차 추경 반대 김무성·장제원 ""표퓰리즘, 나락으로 떨어질 수 있다""",https://news.chosun.com/site/data/html_dir/2020/04/30/2020043001154.html,박상기
2020-04-30,,"교통사고 당한 상주상무, 부상자도 훈련 선수도 더 간절해진 마음",https://news.chosun.com/site/data/html_dir/2020/04/30/2020043001539.html,스포츠조선=김가을
2020-04-30,,'독자 제보' 상주선수단 승합차 사고현장 '아찔했던 순간',https://news.chosun.com/site/data/html_dir/2020/04/30/2020043001148.html,스포츠조선=전영지
2020-04-30,,"[속보] 文대통령, “2차 추경 통과, 야당에 고맙게 생각”",https://news.chosun.com/site/data/html_dir/2020/04/30/2020043001129.html,안준용
2020-04-30,,"에메리 ""메날두 다음은 네이마르다. 최고가 되려면 집중하자!""",https://news.chosun.com/site/data/html_dir/2020/04/30/2020043001152.html,스포츠조선=윤진만
2020-04-30,,"[영상]KBO, 2020시즌 정규시즌 공식 인트로 영상 공개",https://news.chosun.com/site/data/html_dir/2020/04/30/2020043001123.html,스포츠조선=김진회
2020-04-30,,"[SC핫플레이어]'꿈틀대는 리얼파워' 이성규, 허삼영 감독의 '기다림', 관건은 '변화구'",https://news.chosun.com/site/data/html_dir/2020/04/30/2020043001127.html,스포츠조선=정현석
2020-04-30,,"[SC인터뷰]김태균 ""'이대호→오승환' 82년생 친구들? 올해 좋은 성적 확신""",https://news.chosun.com/site/data/html_dir/2020/05/01/2020050100246.html,스포츠조선=김영록
2020-04-30,,"[공식] '그남자의기억법' 측 ""오늘 김동욱-문가영 관계 큰 변화, 쾌속전개""",https://news.chosun.com/site/data/html_dir/2020/04/30/2020043001092.html,스포츠조선=백지은
2020-04-30,,"[공식] CLC 장예은, Mnet '굿걸' 출연확정…솔로파워 기대",https://news.chosun.com/site/data/html_dir/2020/04/30/2020043001094.html,스포츠조선=백지은
2020-04-30,,봉축법요식 대신 코로나 극복 기도 시작한 불교계,https://news.chosun.com/site/data/html_dir/2020/04/30/2020043001059.html,김한수 종교전문기자
2020-04-30,,"XGOLF, 5월 28일 일죽 썬밸리 특가 이벤트 실시",https://news.chosun.com/site/data/html_dir/2020/04/30/2020043001067.html,스포츠조선=김진회
2020-04-30,,간호사와 실랑이하다 넘어져...정신병동 환자 8일만에 숨져,https://news.chosun.com/site/data/html_dir/2020/04/30/2020043001052.html,김준호
2020-04-30,,"더불어시민당, 용혜인·조정훈 당선자 제명키로",https://news.chosun.com/site/data/html_dir/2020/04/30/2020043001056.html,박상기
2020-04-30,,"[종합] 임현주, 노브라 챌린지 관종논란 해명→""응원감사"" '라스' 인증샷 공개",https://news.chosun.com/site/data/html_dir/2020/04/30/2020043001065.html,스포츠조선=백지은
2020-04-30,,"[SC핫포커스]타격되는 KIA 공격형 포수 백용환-이정훈, 5일 남은 개막전 변수 될까",https://news.chosun.com/site/data/html_dir/2020/04/30/2020043001063.html,스포츠조선=김진회
2020-04-30,,"[공식] '영혼수선공' 신하균-태인호-정해균, 핵심 라이벌전…치열한 대립예고",https://news.chosun.com/site/data/html_dir/2020/04/30/2020043001054.html,스포츠조선=백지은
2020-04-30,,"[공식] '당나귀 귀' 현주엽 is Back, 레전드 보스의 귀환…28일 녹화 참여",https://news.chosun.com/site/data/html_dir/2020/04/30/2020043001034.html,스포츠조선=김성원
2020-04-30,,"'한 번 다녀왔습니다' 이민정, 홀로 빗속을 거니는 이유는…다가서는 알렉스",https://news.chosun.com/site/data/html_dir/2020/04/30/2020043001038.html,스포츠조선=김성원
2020-04-30,,"[종합] 구혜선, 안재현과 이혼 잡음ing…""소속사 과실""vsHB ""3500만원 손해배상""",https://news.chosun.com/site/data/html_dir/2020/04/30/2020043001032.html,스포츠조선=백지은
2020-04-30,,"[포토] 박동원, 후배들 위해 배팅볼 투수로 변신!",https://news.chosun.com/site/data/html_dir/2020/04/30/2020043001030.html,스포츠조선=정재근
2020-04-30,,"'영혼수선공' 측 ""신하균·태인호·정해균, 사제지간 신념들의 갈등…다양한 의국 스토리 기대""",https://news.chosun.com/site/data/html_dir/2020/04/30/2020043001040.html,스포츠조선=김성원
2020-04-30,,코로나 감염 치료의 '비약(秘藥)'은 여성 호르몬?,https://news.chosun.com/site/data/html_dir/2020/04/30/2020043001009.html,이철민
2020-04-30,,"[포토] 모터, 진지한 눈빛!",https://news.chosun.com/site/data/html_dir/2020/04/30/2020043001042.html,스포츠조선=정재근
2020-04-30,,"경찰, ""인분 먹어라"" 신도들에게 엽기 훈련시킨 교회 수사 착수",https://news.chosun.com/site/data/html_dir/2020/04/30/2020043001001.html,장근욱
2020-04-30,,[포토] 모터 '수비는 걱정 마!',https://news.chosun.com/site/data/html_dir/2020/04/30/2020043001036.html,스포츠조선=정재근
2020-04-30,,[포토] 수비훈련하는 김하성,https://news.chosun.com/site/data/html_dir/2020/04/30/2020043001013.html,스포츠조선=정재근
2020-04-30,,"[포토] 모터-요키시-브리검, 키움의 든든한 용병들",https://news.chosun.com/site/data/html_dir/2020/04/30/2020043001021.html,스포츠조선=정재근
2020-04-30,,"'찐' 앙숙 아이재아 토마스, 마이클 조던 역대 최고 선수 4위 평가, 1위는?",https://news.chosun.com/site/data/html_dir/2020/04/30/2020043001027.html,스포츠조선=류동혁
2020-04-30,,[포토] 모터-요키시-브리검 '할 말이 많아!',https://news.chosun.com/site/data/html_dir/2020/04/30/2020043001015.html,스포츠조선=정재근
2020-04-30,,"'공부가 머니?' 소이현♥인교진 부부, 두 딸 위해 'SOS'…'장관상' 받은 전문가 등장",https://news.chosun.com/site/data/html_dir/2020/04/30/2020043001019.html,스포츠조선=김성원
2020-04-30,,"[포토] 브리검-요키시-모터, 키움의 든든한 용병!",https://news.chosun.com/site/data/html_dir/2020/04/30/2020043001017.html,스포츠조선=정재근
2020-04-30,,"[포토] 모터, 노래만 나오면 몸이 들썩 들썩!",https://news.chosun.com/site/data/html_dir/2020/04/30/2020043001025.html,스포츠조선=정재근
2020-04-30,,"'메모리스트' 유승호VS이영진 피할 수 없는 최후의 결전, 남매의 숨겨진 비밀은?",https://news.chosun.com/site/data/html_dir/2020/04/30/2020043001023.html,스포츠조선=김성원
2020-04-30,,[포토] 모터 '박병호 얘기가 궁금해!',https://news.chosun.com/site/data/html_dir/2020/04/30/2020043000987.html,스포츠조선=정재근
2020-04-30,,"[포토] 김하성, 날카로운 스윙!",https://news.chosun.com/site/data/html_dir/2020/04/30/2020043000985.html,스포츠조선=정재근
2020-04-30,,"'어서와' 김명수부터 신예은까지 ""성장한 시간들""…냥냥美X멍뭉美 '종방 소감'",https://news.chosun.com/site/data/html_dir/2020/04/30/2020043000981.html,스포츠조선=김성원
2020-04-30,,"[SC영상] 두산 플렉센 불펜피칭, 린드블럼은 잊으세요!",https://news.chosun.com/site/data/html_dir/2020/04/30/2020043000993.html,스포츠조선=허상욱
2020-04-30,,"[공식] NCT DREAM, 美 포함 전세계 49지역 아이튠즈 1위…글로벌 차트 석권",https://news.chosun.com/site/data/html_dir/2020/04/30/2020043000991.html,스포츠조선=백지은
2020-04-30,,"'그 남자의 기억법' 측 ""김동욱-문가영 관계 큰 변화온다"" 로맨스 적신호",https://news.chosun.com/site/data/html_dir/2020/04/30/2020043000995.html,스포츠조선=김성원
2020-04-30,,"'외식하는날' 송가인 ""코로나19 기부…국악인도 후원할 예정""",https://news.chosun.com/site/data/html_dir/2020/04/30/2020043000983.html,스포츠조선=김성원
2020-04-30,,"이상범 감독 지킨 DB, 샐러리캡 숙제 어떻게 풀까",https://news.chosun.com/site/data/html_dir/2020/04/30/2020043000977.html,스포츠조선=김용
2020-04-30,,'더킹' 이민호에게 총구 내민 김고은vs맨손으로 잡은 우도환 '트리플 기싸움',https://news.chosun.com/site/data/html_dir/2020/04/30/2020043000961.html,스포츠조선=김성원
2020-04-30,,"'맛남의 광장' '먹잘알' 소유X '요잘알' 백종원, 시청자 침샘 자극 '쭈꾸미'",https://news.chosun.com/site/data/html_dir/2020/04/30/2020043000955.html,스포츠조선=김성원
2020-04-30,,'슬기로운 의사생활' 신원호 감독이 꼽은 명장면 #마피아 #캐논 #칼국수 비하인드,https://news.chosun.com/site/data/html_dir/2020/04/30/2020043000953.html,스포츠조선=김성원
2020-04-30,,"베컴 구단주 인터 마이애미, 바르샤 결별 예정 비달 영입 고려",https://news.chosun.com/site/data/html_dir/2020/04/30/2020043000951.html,스포츠조선=이건
2020-04-30,,"'나혼자산다' 송승헌, 포즈는 일품…친구까지 낚아버리는 특급 배우의 진수성찬",https://news.chosun.com/site/data/html_dir/2020/04/30/2020043000957.html,스포츠조선=김성원
2020-04-30,,"[SC진단]합계 경력 '불과 22시즌', 올해 감독들이 낼 색깔은?",https://news.chosun.com/site/data/html_dir/2020/05/01/2020050100230.html,스포츠조선=노재형
2020-04-30,,"아르투르 ""바르셀로나 잔류 원한다""",https://news.chosun.com/site/data/html_dir/2020/04/30/2020043000943.html,스포츠조선=이건
2020-04-30,,"[SC영상] 박건우-오재원, 정수빈에 난데없는 암바공격!",https://news.chosun.com/site/data/html_dir/2020/04/30/2020043000941.html,스포츠조선=허상욱
2020-04-30,,"""특수솜으로 만든 세라믹 타일, 우주선 소재로""...창원, 소재강국 첫발",https://news.chosun.com/site/data/html_dir/2020/04/30/2020043000710.html,김준호
2020-04-30,,"레스터시티, 생테티엔 19세 수비수 포파나 영입 준비",https://news.chosun.com/site/data/html_dir/2020/04/30/2020043000989.html,스포츠조선=김용
2020-04-30,,"'농구황제' 마이클 조던, 그의 강력한 라이벌 톱 5, 1위는 앙숙 아이재아 토마스",https://news.chosun.com/site/data/html_dir/2020/04/30/2020043000933.html,스포츠조선=류동혁
2020-04-30,,"심재철, ""당 진로 새 지도부가 결정...김종인 비대위 출범 못해 책임 통감""",https://news.chosun.com/site/data/html_dir/2020/04/30/2020043000886.html,김정환
2020-04-30,,"구혜선, 전 소속사 HB엔터와 결별…법적 공방은 계속",https://news.chosun.com/site/data/html_dir/2020/04/30/2020043000900.html,뉴시스
2020-04-30,,"임현주 ""노브라 챌린지 후 관종 오해...안해본 다이어트 없어""",https://news.chosun.com/site/data/html_dir/2020/04/30/2020043000897.html,뉴시스
2020-04-30,,"NCT드림, 신곡 '라이딩' 음원 실시간 차트 1위",https://news.chosun.com/site/data/html_dir/2020/04/30/2020043000894.html,뉴시스
2020-04-30,,"양정숙 오피스텔 문 따려하자...세입자 ""누구시죠?"" 경찰에 신고",https://news.chosun.com/site/data/html_dir/2020/04/30/2020043000884.html,김은중
2020-04-30,,"손흥민 연봉 111억원, 마네-지루-사네보다 위",https://news.chosun.com/site/data/html_dir/2020/04/30/2020043000909.html,스포츠조선=이건
2020-04-30,,"[공식] 효연·치타·에일리 등 10인, 힙합 리얼리티 '굿걸' 출연확정",https://news.chosun.com/site/data/html_dir/2020/04/30/2020043000907.html,스포츠조선=백지은
2020-04-30,,"[종합] ""황금연휴,경계하자""...대구·경북 확진자 동시 '0'",https://news.chosun.com/site/data/html_dir/2020/04/30/2020043000853.html,이승규
2020-04-30,,[사이언스카페] '진주 귀걸이를 한 소녀' 비밀이 벗겨졌다,https://news.chosun.com/site/data/html_dir/2020/04/30/2020043000862.html,유지한
2020-04-30,,"라리가, 4차례 단계 걸쳐 6월 중순 시즌 재개 목표",https://news.chosun.com/site/data/html_dir/2020/04/30/2020043000901.html,스포츠조선=이건
2020-04-30,,"[공식] 임영웅X이찬원X정동원X장민호, '밥블2' 출격…깜짝카메라→바리스타 '트동이 매력'",https://news.chosun.com/site/data/html_dir/2020/04/30/2020043000898.html,스포츠조선=백지은
2020-04-30,,"프로당구 PBA, 세계프로스누커협회(WPBSA)와 글로벌 상생 MOU 체결",https://news.chosun.com/site/data/html_dir/2020/04/30/2020043000903.html,스포츠조선=이원만
2020-04-30,,가족까지 살해 위협... 이 골키퍼에게 무슨 일이,https://news.chosun.com/site/data/html_dir/2020/04/30/2020043000803.html,문현웅
2020-04-30,,"삼성전자, 노트북 '갤럭시 북 플러스 알파' 내달 12일 출시",https://news.chosun.com/site/data/html_dir/2020/04/30/2020043000857.html,전수용
2020-04-30,,"'줌'보다 화상회의 훨씬 낫다, '구글 미트' 9월까지 공짜",https://news.chosun.com/site/data/html_dir/2020/04/30/2020043000855.html,정철환
2020-04-30,,"[공식] 존박, 유튜버 변신…'존박의 트루존쇼' 개설",https://news.chosun.com/site/data/html_dir/2020/04/30/2020043000892.html,스포츠조선=백지은
2020-04-30,,"'불편한 동거' PSG와 네이마르, 리그앙 종료로 바르샤행 탄력받나",https://news.chosun.com/site/data/html_dir/2020/04/30/2020043000895.html,스포츠조선=류동혁
2020-04-30,,"[SC리뷰] ""진짜 지우개=누나 이영진""…'메모리스트' 유승호, 최종장 어떤 선택할까",https://news.chosun.com/site/data/html_dir/2020/04/30/2020043000888.html,스포츠조선=백지은
2020-04-30,,제네시스 G80 '걸작' 만들고 굿바이...디자인 거장의 작별,https://news.chosun.com/site/data/html_dir/2020/04/30/2020043000854.html,류정
2020-04-30,,"""코로나로 밀가루 부족"" 1000년 넘은 영국 물방앗간 가동 재개",https://news.chosun.com/site/data/html_dir/2020/04/30/2020043000851.html,이현택
2020-04-30,,"두 천재 저커버그 VS 머스크, 코로나 봉쇄 놓고 입장차",https://news.chosun.com/site/data/html_dir/2020/04/30/2020043000849.html,김성민
2020-04-30,,김정은 18일째 잠적…전용열차는 원산에 머물러,https://news.chosun.com/site/data/html_dir/2020/04/30/2020043000797.html,김명성
2020-04-30,,"'3조 8000억원 가치'  토트넘, 비결은 '낮은 선수단 연봉+최신식 구장'",https://news.chosun.com/site/data/html_dir/2020/04/30/2020043000860.html,스포츠조선=이건
2020-04-30,,"[SC리뷰] ""요령·욕심NO""…'골목식당' 군포역전시장, 백종원 호통 속 불안한 마무리",https://news.chosun.com/site/data/html_dir/2020/04/30/2020043000858.html,스포츠조선=백지은
2020-04-30,,"[SC핫포커스] 키움 대체불가 '국대' 1~4번 타순, 강력한 5번 타자는 없나요?",https://news.chosun.com/site/data/html_dir/2020/04/30/2020043000975.html,스포츠조선=선수민
2020-04-30,,"퍼디낸드가 찍은 '군침도는' 맨유 1~2선 베스트6, 산초-포그바 포함됐다",https://news.chosun.com/site/data/html_dir/2020/04/30/2020043000979.html,스포츠조선=노주환
2020-04-30,,은돔벨레 영입 결국 실패? 토트넘 매각 고려 중,https://news.chosun.com/site/data/html_dir/2020/04/30/2020043000847.html,스포츠조선=이건
2020-04-30,,"[오피셜]""부상자명단 도입·순위결정전 신설·지명권 트레이드""…달라지는 KBO리그",https://news.chosun.com/site/data/html_dir/2020/04/30/2020043000845.html,스포츠조선=김영록
2020-04-30,,"김재원, ""'김종인 비대위' 문제 새 원내 지도부에 맡길 것""",https://news.chosun.com/site/data/html_dir/2020/04/30/2020043000801.html,황대진
2020-04-30,,"[공식] '사랑의콜센타' 임영웅, ""내가 갈게"" 女시청자 듀엣에 멘붕…""경연보다 떨려""",https://news.chosun.com/site/data/html_dir/2020/04/30/2020043000805.html,스포츠조선=백지은
2020-04-30,,"조제 무리뉴 감독, 식자재 배달원 변신, 이유있다",https://news.chosun.com/site/data/html_dir/2020/04/30/2020043000813.html,스포츠조선=류동혁
2020-04-30,,"[포토] 페르난데스, 이런 스타일 어때요?",https://news.chosun.com/site/data/html_dir/2020/04/30/2020043000807.html,스포츠조선=허상욱
2020-04-30,,"새로워질 뉴캐슬, 새로 올 감독 후보는 누구?",https://news.chosun.com/site/data/html_dir/2020/04/30/2020043000811.html,스포츠조선=이건
2020-04-30,,"[포토] 박치국, 봄햇살 맞으며 워밍업",https://news.chosun.com/site/data/html_dir/2020/04/30/2020043000815.html,스포츠조선=허상욱
2020-04-30,,"[SC초점] '부부의세계', 이유있는 신드롬…'사랑'과 '관계'의 본질 통찰",https://news.chosun.com/site/data/html_dir/2020/04/30/2020043000823.html,스포츠조선=백지은
2020-04-30,,"[포토] 플렉센, 훈련이 즐거워요",https://news.chosun.com/site/data/html_dir/2020/04/30/2020043000817.html,스포츠조선=허상욱
2020-04-30,,"[포토] 페르난데스, 최주환 그만 좀 괴롭혀~",https://news.chosun.com/site/data/html_dir/2020/04/30/2020043000821.html,스포츠조선=허상욱
2020-04-30,,"'아드리안보다 낫다!' 피르미누, 리버풀 팬들 깜짝 놀라게 한 '선방 능력'",https://news.chosun.com/site/data/html_dir/2020/04/30/2020043000809.html,스포츠조선=김가을
2020-04-30,,코로나 덕에 대박... MS와 페이스북 1분기 영업이익 크게 증가,https://news.chosun.com/site/data/html_dir/2020/04/30/2020043000761.html,김성민
2020-04-30,,"트럼프, '작전명 초고속' 비밀 프로젝트 가동…""연말까지 코로나 백신 개발하라""",https://news.chosun.com/site/data/html_dir/2020/04/30/2020043000718.html,김승현
2020-04-30,,"[공식] 마마무 솔라, 첫 솔로앨범 역대 여자 솔로 초동 4위",https://news.chosun.com/site/data/html_dir/2020/04/30/2020043000749.html,스포츠조선=백지은
2020-04-30,,"[포토] 유희관-박세혁, 흔들흔들 다리 풀기~",https://news.chosun.com/site/data/html_dir/2020/04/30/2020043000741.html,스포츠조선=허상욱
2020-04-30,,"[포토] 최주환, 내 입이 더 커~",https://news.chosun.com/site/data/html_dir/2020/04/30/2020043000759.html,스포츠조선=허상욱
2020-04-30,,"[포토] 최주환, 페르난데스 익살에 웃음이 빵빵!",https://news.chosun.com/site/data/html_dir/2020/04/30/2020043000751.html,스포츠조선=허상욱
2020-04-30,,"용암동굴 있다, 없다?... 제주2공항 예정지 동굴여부 논란",https://news.chosun.com/site/data/html_dir/2020/04/30/2020043000709.html,오재용
2020-04-30,,"[속보] 방역당국 ""지난 15일 총선으로 인한 코로나 확진자 없어""",https://news.chosun.com/site/data/html_dir/2020/04/30/2020043000733.html,배준용
2020-04-30,,"[포토] 허경민-최주환-박건우, 워밍업도 즐겁게",https://news.chosun.com/site/data/html_dir/2020/04/30/2020043000747.html,스포츠조선=허상욱
2020-04-30,,"[포토] 허경민, 절친 페르난데스와 함께",https://news.chosun.com/site/data/html_dir/2020/04/30/2020043000755.html,스포츠조선=허상욱
2020-04-30,,"[공식] 하성운X다비치, '더킹' OST 출격…이민호♥김고은 로맨스 몰입↑",https://news.chosun.com/site/data/html_dir/2020/04/30/2020043000757.html,스포츠조선=백지은
2020-04-30,,"[포토] 플렉센-김재환, 다리를 쭉 뻗고~",https://news.chosun.com/site/data/html_dir/2020/04/30/2020043000753.html,스포츠조선=허상욱
2020-04-30,,"[포토] 박세혁-유희관, 도란도란 이야기~",https://news.chosun.com/site/data/html_dir/2020/04/30/2020043000763.html,스포츠조선=허상욱
2020-04-30,,"정진석 ""홍준표는 우리 당 미래 될 수 없다""",https://news.chosun.com/site/data/html_dir/2020/04/30/2020043000729.html,박상기
2020-04-30,,"[포토] 정수빈 박건우 오재원, 따뜻한 봄햇살 느끼며",https://news.chosun.com/site/data/html_dir/2020/04/30/2020043000743.html,스포츠조선=허상욱
2020-04-30,,"[포토] 박건우, 경민아~나도 선글라스 줘봐~",https://news.chosun.com/site/data/html_dir/2020/04/30/2020043000745.html,스포츠조선=허상욱
2020-04-30,,"[포토] 페르난데스, 다리 쭉 뻗고 스트레칭 중",https://news.chosun.com/site/data/html_dir/2020/04/30/2020043000739.html,스포츠조선=허상욱
2020-04-30,,[C컷]황금연휴라지만 한숨나오는 여행업계,https://news.chosun.com/site/data/html_dir/2020/04/29/2020042903336.html,이태경
2020-04-30,,"삼성, 세계 최대 가전시장 미국서 또 1위...16분기 연속",https://news.chosun.com/site/data/html_dir/2020/04/30/2020043000652.html,김성민
2020-04-30,,"스포츠토토, 5월 4일부터 발매 재개",https://news.chosun.com/site/data/html_dir/2020/04/30/2020043001417.html,스포츠조선=김가을
2020-04-30,,"스포츠토토 공식 SNS, 퀴즈 이벤트 당첨자 발표",https://news.chosun.com/site/data/html_dir/2020/04/30/2020043001425.html,스포츠조선=김가을
2020-04-30,,근로자 49% 근로자의 날 출근한다,https://news.chosun.com/site/data/html_dir/2020/04/30/2020043000712.html,석남준
2020-04-30,,"맨유 출신 동료가 밝힌 C.호날두 비하인드, ""걔 왕따였어""",https://news.chosun.com/site/data/html_dir/2020/04/30/2020043000731.html,스포츠조선=이원만
2020-04-30,,"[SC줌인]손혁 감독이 꺼낸 '버두치 이론', 최충연의 추락..고우석 정우영은?",https://news.chosun.com/site/data/html_dir/2020/04/30/2020043000714.html,스포츠조선=정현석
2020-04-30,,"이명박 ""영포빌딩 靑 문건 이관하라""소송 최종 패소",https://news.chosun.com/site/data/html_dir/2020/04/30/2020043000705.html,양은경
2020-04-30,,"""잎지는 나무, 먼지저감효과 낮아""...수종 선택 잘해야",https://news.chosun.com/site/data/html_dir/2020/04/30/2020043000646.html,신정훈
2020-04-30,,"文 대통령, 부처님오신날 메시지 ""이웃 아프면 나도 아프다""",https://news.chosun.com/site/data/html_dir/2020/04/30/2020043000701.html,박상기
2020-04-30,,"황의조의 희망 전달, 랜선으로 '드림 KFA' 만남",https://news.chosun.com/site/data/html_dir/2020/04/30/2020043000716.html,스포츠조선=김가을
2020-04-30,,[속보]대구경북 72일만에 코로나 확진자 동시 '0',https://news.chosun.com/site/data/html_dir/2020/04/30/2020043000682.html,이승규
2020-04-30,,한 사람당 세 덩이만 팝니다...美코스트코 매장 고기 부족 사태,https://news.chosun.com/site/data/html_dir/2020/04/30/2020043000681.html,워싱턴=조의준 특파원
2020-04-30,,"[SC핫피플]'거포' 이성열, 한화 교류전 첫 홈런+4할 맹타…4번타자 '찜'",https://news.chosun.com/site/data/html_dir/2020/04/30/2020043000719.html,스포츠조선=김영록
2020-04-30,,"디발라, 유벤투스와 연장 계약 할 듯...코로나는 코로나, 계약은 계약",https://news.chosun.com/site/data/html_dir/2020/04/30/2020043000737.html,스포츠조선=김용
2020-04-30,,"""바로 앞에서 쓰러졌다""...'5월 광주'의 일기 속속 기증",https://news.chosun.com/site/data/html_dir/2020/04/30/2020043000672.html,권경안
2020-04-30,,"'막말 제명' 김대호·차명진, 김종인 향해 ""참패 책임자"" ""사이비교주""",https://news.chosun.com/site/data/html_dir/2020/04/30/2020043000677.html,박상기
2020-04-30,,[초점] K팝 '코로나 시대' 온라인 공연도 접수...그 배경은,https://news.chosun.com/site/data/html_dir/2020/04/30/2020043000676.html,뉴시스
2020-04-30,,"""코로나로 공연 취소됐는데 대관료 환불 못받았다고요?""",https://news.chosun.com/site/data/html_dir/2020/04/30/2020043000675.html,뉴시스
2020-04-30,,[속보] 코로나 신규 확진자 4명…2월 18일 이후 최저,https://news.chosun.com/site/data/html_dir/2020/04/30/2020043000650.html,배준용
2020-04-30,,오거돈·양정숙 악재...文대통령·민주당 지지율 동반 하락,https://news.chosun.com/site/data/html_dir/2020/04/30/2020043000644.html,박상기
2020-04-30,,초.중.고 등교 개학시 급식에 일회용 식기 허용키로,https://news.chosun.com/site/data/html_dir/2020/04/30/2020043000642.html,김효인
2020-04-30,,"1년 연기된 도쿄올림픽 골프, 2021년 6월 말 올림픽 랭킹 기준 출전 자격 결정",https://news.chosun.com/site/data/html_dir/2020/04/30/2020043000648.html,스포츠조선=김진회
2020-04-30,,[속보] 장롱속 할머니·손주 시신...용의자 아들 모텔서 검거,https://news.chosun.com/site/data/html_dir/2020/04/30/2020043000634.html,안영
2020-04-30,,"정총리 ""공사 현장 대형 화재 되풀이‥뼈저린 반성 있어야""",https://news.chosun.com/site/data/html_dir/2020/04/30/2020043000631.html,황대진
2020-04-30,,'부처님 오신 날 초켰다가'...울산 주택 화재로 1명 부상,https://news.chosun.com/site/data/html_dir/2020/04/30/2020043000616.html,김준호
2020-04-30,,"與 최고위원 ""민주당, 부산시장 후보 내는 것 바람직하지 않다""",https://news.chosun.com/site/data/html_dir/2020/04/30/2020043000618.html,박상기
2020-04-30,,"이탈리아 아이콘 칸나바로 대야망 공개 ""레알 마드리드 사령탑 꿈꾼다""",https://news.chosun.com/site/data/html_dir/2020/04/30/2020043000819.html,스포츠조선=노주환
2020-04-30,,황금 연휴도 집에서 소소하게...취미용품 판매 증가,https://news.chosun.com/site/data/html_dir/2020/04/30/2020043000615.html,이순흥
2020-04-30,,"한국 3대3 농구연맹, 신창범 회장 대행 체제 전환",https://news.chosun.com/site/data/html_dir/2020/04/30/2020043000638.html,스포츠조선=김용
2020-04-30,,[리뷰]고양이가 울린다 사람의 마음을...영화 '고양이 집사',https://news.chosun.com/site/data/html_dir/2020/04/30/2020043000612.html,뉴시스
2020-04-30,,"100만 유권자 동의땐 개헌안 발의...이인영 ""국회서 처리하자""",https://news.chosun.com/site/data/html_dir/2020/04/30/2020043000610.html,박상기
2020-04-30,,"컴투스 3X3 프리미어리그, 박카스와 함께 국민 피로 회복 이벤트",https://news.chosun.com/site/data/html_dir/2020/04/30/2020043000620.html,스포츠조선=김용
2020-04-30,,"'영장회수 논란' 전 차장검사, 징계소송서 최종 승소",https://news.chosun.com/site/data/html_dir/2020/04/30/2020043000606.html,양은경
2020-04-30,,"한국배구연맹, '힘내라! 대한민국' 성금 전달",https://news.chosun.com/site/data/html_dir/2020/04/30/2020043000608.html,스포츠조선=김진회
2020-04-30,,"아시아나항공, 5월부터 인천~샌프란시스코 노선 운항 재개",https://news.chosun.com/site/data/html_dir/2020/04/30/2020043000585.html,이순흥
2020-04-30,,"[SC핫포커스]2G서 4피안타 1홈런 2실점, KIA 마무리 '뒷문경찬' 문경찬이 불안하다?",https://news.chosun.com/site/data/html_dir/2020/04/30/2020043000604.html,스포츠조선=김진회
2020-04-30,,"촛불집회 경비하다 난청 온 경찰관에  법원, ""공무상 질병""",https://news.chosun.com/site/data/html_dir/2020/04/30/2020043000573.html,양은경
2020-04-30,,"[공식] '트롤 : 월드투어', 개봉 첫날 박스오피스 1위…4월 최고 오프닝스코어",https://news.chosun.com/site/data/html_dir/2020/04/30/2020043000581.html,스포츠조선=백지은
2020-04-30,,"코로나19 극복한 日축구 사카이 ""무서움 통감""",https://news.chosun.com/site/data/html_dir/2020/04/30/2020043000568.html,뉴시스
2020-04-30,,'무관중' 공백을 채워라…KBO리그는 고민 중,https://news.chosun.com/site/data/html_dir/2020/04/30/2020043000563.html,뉴시스
2020-04-30,,[K리그]김남일·설기현·황선홍…새 출발 나선 2002 영웅들,https://news.chosun.com/site/data/html_dir/2020/04/30/2020043000560.html,뉴시스
2020-04-30,,"박주민, 제명된 양정숙 당선자 관련 ""최초 검증 부실했다""",https://news.chosun.com/site/data/html_dir/2020/04/30/2020043000554.html,박상기
2020-04-30,,코로나 치료제로 주목받는 '렘데시비르' 개발한 길리어드는,https://news.chosun.com/site/data/html_dir/2020/04/30/2020043000549.html,유지한
2020-04-30,,"[SC리뷰] '라스' 박해미X홍윤화X임현주X율희, 4人4色 걸크러시…여인천하 水夜 제패",https://news.chosun.com/site/data/html_dir/2020/04/30/2020043000571.html,스포츠조선=백지은
2020-04-30,,"[SC리뷰] '그 남자의 기억법' 김동욱X문가영,기억회복…신변위기 '단맵 로맨스'",https://news.chosun.com/site/data/html_dir/2020/04/30/2020043000575.html,스포츠조선=백지은
2020-04-30,,"[속보] 이 말은 사실일까...트럼프""한국이 분담금 더 내기로 합의""",https://news.chosun.com/site/data/html_dir/2020/04/30/2020043000537.html,이현택
2020-04-30,,"""FDA, 코로나 치료제 렘데시비르 긴급사용승인 전망""",https://news.chosun.com/site/data/html_dir/2020/04/30/2020043000533.html,이현택
2020-04-30,,"[공식] 정동원, '미스터트롯' 성대모사→장민호 깜짝전화…V라이브 시청자10만",https://news.chosun.com/site/data/html_dir/2020/04/30/2020043000545.html,스포츠조선=백지은
2020-04-30,,[SC리뷰] '전교 2등' 성규→'8년 연속 반장' 장준…'대한외국인' 울림파티,https://news.chosun.com/site/data/html_dir/2020/04/30/2020043000543.html,스포츠조선=백지은
2020-04-30,,"'김정은 원산 체류설' 힘 싣는 38노스 ""전용 열차, 어제도 또 포착""",https://news.chosun.com/site/data/html_dir/2020/04/30/2020043000502.html,김승현
2020-04-30,,"남편 상해 조현아, 재판없이 벌금 300만원",https://news.chosun.com/site/data/html_dir/2020/04/30/2020043000505.html,양은경
2020-04-30,,"[공식] 이병헌→추자현 소속사 BH ""악플러 법적대응, 선처-합의無""(전문)",https://news.chosun.com/site/data/html_dir/2020/04/30/2020043000531.html,스포츠조선=백지은
2020-04-30,,"생수,슬리퍼,샴푸?…'호텔 로봇'에게 가장 많이 시킨 물건",https://news.chosun.com/site/data/html_dir/2020/04/30/2020043000449.html,정철환
2020-04-30,,"델레 알리의 고백 ""에릭센 없는 토트넘은 힘들어""",https://news.chosun.com/site/data/html_dir/2020/04/30/2020043000683.html,스포츠조선=전영지
2020-04-30,,"연준 의장 ""도전적 시기…권한의 절대적 한계까지 사용하겠다""",https://news.chosun.com/site/data/html_dir/2020/04/30/2020043000485.html,이현택
2020-04-30,,"[SC이슈]'윌슨-켈리 빠진' LG의 개막 3연전, 두산에 절대 열세인가",https://news.chosun.com/site/data/html_dir/2020/04/30/2020043000493.html,스포츠조선=노재형
2020-04-30,,"PSG 펑펑썼다, 네이마르 3년에 총 3900억+경기당 50억씩 지출",https://news.chosun.com/site/data/html_dir/2020/04/30/2020043000497.html,스포츠조선=노주환
2020-04-30,,이천 화재 사망자 38명중 29명 신원 확인...미확인자는 유전자 검사 의뢰,https://news.chosun.com/site/data/html_dir/2020/04/30/2020043000448.html,권상은
2020-04-30,,'새벽배송 마켓무리뉴?' 토트넘 무리뉴 감독이 채소상자를 배송하는 이유,https://news.chosun.com/site/data/html_dir/2020/04/30/2020043000471.html,스포츠조선=이원만
2020-04-30,,"무리뉴 감독의 봉사 정신, 어르신 음식 배달→이번에는 식자재 전달",https://news.chosun.com/site/data/html_dir/2020/04/30/2020043000473.html,스포츠조선=김가을
2020-04-30,,검언유착 의혹 채널A 압수수색 41시간만 종료,https://news.chosun.com/site/data/html_dir/2020/04/30/2020043000442.html,양은경
2020-04-30,,다른 빅 클럽들 뜨거운 구애에도...변하지 않는 베르너의 리버풀 사랑,https://news.chosun.com/site/data/html_dir/2020/04/30/2020043000541.html,스포츠조선=김용
2020-04-30,,"추신수, '35세 이상 MLB★' 우익수 선정…""최근 2년간 인상적인 활약"" 美매체",https://news.chosun.com/site/data/html_dir/2020/04/30/2020043000443.html,스포츠조선=김영록
2020-04-30,,"포체티노의 꿈★ ""죽기전에 토트넘 돌아가 우승하고 싶다""",https://news.chosun.com/site/data/html_dir/2020/04/30/2020043000445.html,스포츠조선=전영지
2020-04-30,,"'이적 대신 잔류?' 음바페 의미심장 메시지 '모두가 말하지만, 아무도 모른다'",https://news.chosun.com/site/data/html_dir/2020/04/30/2020043000438.html,스포츠조선=김가을
2020-04-30,,"야구가 고픈 몰리나의 심경 변화, ""STL 아니라도 몇 년 더 뛰겠다""",https://news.chosun.com/site/data/html_dir/2020/04/30/2020043000440.html,스포츠조선=선수민
2020-04-30,,"포그바↔D코스타+피야니치, 맨유↔유벤투스 1대2 대형 스왑딜 추진중",https://news.chosun.com/site/data/html_dir/2020/04/30/2020043000417.html,스포츠조선=노주환
2020-04-30,,"EPL 전 구단주 ""리그 재개? 살인조력자 될 셈인가""",https://news.chosun.com/site/data/html_dir/2020/04/30/2020043000415.html,스포츠조선=전영지
2020-04-30,,[SC이슈] '첩첩산중' 강정호의 복귀… 화수분 히어로즈에 그가 필요할까,https://news.chosun.com/site/data/html_dir/2020/04/30/2020043000411.html,스포츠조선=선수민
2020-04-30,,체력을 아끼기 위한 KBO의 묘안 노게임아닌 서스펜디드게임.,https://news.chosun.com/site/data/html_dir/2020/04/30/2020043000389.html,스포츠조선=권인하
2020-04-30,,"'48세' 매니 라미레즈 ""선수로 뛰고 싶다"", CPBL 노크",https://news.chosun.com/site/data/html_dir/2020/04/30/2020043000391.html,스포츠조선=노재형
2020-04-30,,"왓포드, 프랑스 제2의 캉테 파페 계예 영입 성공",https://news.chosun.com/site/data/html_dir/2020/04/30/2020043000381.html,스포츠조선=김용
2020-04-30,,"이양희 UN 인권보고관 ""국제 사회, 아웅산 수지의 진짜 모습을 몰랐던 것""",https://news.chosun.com/site/data/html_dir/2020/04/30/2020043000369.html,이현택
2020-04-30,,[코로나리포트] 한국인이 만든 세계 최고의 코로나 유전자 지도,https://news.chosun.com/site/data/html_dir/2020/04/29/2020042904017.html,유지한
2020-04-30,,[모닝브리핑] 부처님오신날 '자기를 바로 봅시다',https://news.chosun.com/site/data/html_dir/2020/04/29/2020042903428.html,전현석
2020-04-30,,"러시아 고위 군 간부, 비용절감에 양털모자 못 쓴다",https://news.chosun.com/site/data/html_dir/2020/04/30/2020043000349.html,이현택
2020-04-30,,손님이 직접 와서 개통해야 하는데… 스마트폰은 울상,https://news.chosun.com/site/data/html_dir/2020/04/30/2020043000305.html,정철환
2020-04-30,,[C컷]처참한 이천물류센터 화재현장,https://news.chosun.com/site/data/html_dir/2020/04/30/2020043000323.html,전기병
2020-04-30,,"與핵심들 ""이익공유제·토지공개념 추진해야""",https://news.chosun.com/site/data/html_dir/2020/04/30/2020043000128.html,박상기
2020-04-30,,180석+α 로 '토지공개념 개헌' 밀어붙이나,https://news.chosun.com/site/data/html_dir/2020/04/30/2020043000112.html,박상기
2020-04-30,,공천→인권위원→또 공천… 양정숙 배후는?,https://news.chosun.com/site/data/html_dir/2020/04/30/2020043000297.html,최연진
2020-04-30,,"영업익 넷플릭스 2배 급증, 구글도 20% 늘었다",https://news.chosun.com/site/data/html_dir/2020/04/30/2020043000311.html,김성민
2020-04-30,,[사설] '코로나 모범국' 무색하게 한 이천 화재 참사,https://news.chosun.com/site/data/html_dir/2020/04/30/2020043000010.html,
2020-04-30,,[사설] '재난지원금' 골몰하는 사이 곳곳서 다가온 위기들,https://news.chosun.com/site/data/html_dir/2020/04/30/2020043000012.html,
2020-04-30,,"[사설] MBC는 빼고 채널A만 압수 수색, 법 집행인가 정치인가",https://news.chosun.com/site/data/html_dir/2020/04/30/2020043000014.html,
2020-04-30,,[양상훈 칼럼] 2년 뒤 대선서 반드시 또 내밀 '선거 돈봉투',https://news.chosun.com/site/data/html_dir/2020/04/30/2020043000029.html,양상훈 주필
2020-04-30,,[만물상] 코로나 국제 소송,https://news.chosun.com/site/data/html_dir/2020/04/30/2020043000036.html,정권현 논설위원
2020-04-30,,[경제포커스] '광주'와 '동희' 평평한 운동장에서 경쟁하라,https://news.chosun.com/site/data/html_dir/2020/04/30/2020043000027.html,김덕한 산업1부장
2020-04-30,,[기자의 시각] '이상직 먹튀' 논란,https://news.chosun.com/site/data/html_dir/2020/04/30/2020043000031.html,김강한 산업1부
2020-04-30,,[독자 마당] 빚낸 재난지원금은 미래 세대 부담 외,https://news.chosun.com/site/data/html_dir/2020/04/30/2020043000054.html,
2020-04-30,,"野 ""여권 핵심들이 오거돈 성추행 개입… 국정조사로 밝혀야""",https://news.chosun.com/site/data/html_dir/2020/04/30/2020043000303.html,부산=박주영
2020-04-30,,"""당·정·청 다 통하는 내가 적임… 이 국난에 개헌 논의, 옳지않다""",https://news.chosun.com/site/data/html_dir/2020/04/30/2020043000301.html,최경운
2020-04-30,,[일사일언] 싸고 좋은 디자인은 없다,https://news.chosun.com/site/data/html_dir/2020/04/30/2020043000196.html,전은경 월간 '디자인' 편집장
2020-04-30,,"[팔면봉] 與, 이익 공유제·토지 공개념 추진하겠다며 改憲까지 언급 외",https://news.chosun.com/site/data/html_dir/2020/04/30/2020043000134.html,
2020-04-30,,"정진석·주호영·권영세·유의동 ""김종인 비대위로 당 위기 수습""",https://news.chosun.com/site/data/html_dir/2020/04/30/2020043000293.html,원선우
2020-04-30,,"폼페이오 ""김정은 모습 포착 못했다""",https://news.chosun.com/site/data/html_dir/2020/04/30/2020043000290.html,김경화
2020-04-30,,北 최초 여성 후계자 나올까,https://news.chosun.com/site/data/html_dir/2020/04/30/2020043000288.html,김진명
2020-04-30,,"통합당 청년비대위 ""심재철·조경태 모두 물러나라""",https://news.chosun.com/site/data/html_dir/2020/04/30/2020043000286.html,이슬비
2020-04-30,,"[정정 및 반론보도] 흔들리는 참여연대… ""관변단체 전락"" 두 달 새 660명 탈퇴 관련",https://news.chosun.com/site/data/html_dir/2020/04/30/2020043000085.html,
2020-04-30,,"SKY 정시로 4223명 선발, 12년만에 가장 많다",https://news.chosun.com/site/data/html_dir/2020/04/30/2020043000266.html,곽수근
2020-04-30,,[신문으로 배우는 실용한자] 불모지(不毛地),https://news.chosun.com/site/data/html_dir/2020/04/30/2020043000179.html,
2020-04-30,,[입에 착착 붙는 일본어] 한눈을 팔다,https://news.chosun.com/site/data/html_dir/2020/04/30/2020043000177.html,
2020-04-30,,"[매일매일 중국어 한마디] 납득하지 못하다, 인정하지 못하다",https://news.chosun.com/site/data/html_dir/2020/04/30/2020043000175.html,
2020-04-30,,[스피킹이 강해지는 영어] jump down someone's throat,https://news.chosun.com/site/data/html_dir/2020/04/30/2020043000167.html,
2020-04-30,,[두근두근 뇌 운동] [1394] 칼럼 풀어 읽기,https://news.chosun.com/site/data/html_dir/2020/04/30/2020043000165.html,
2020-04-30,,[리빙포인트] 피아노 건반 광택 살리려면,https://news.chosun.com/site/data/html_dir/2020/04/30/2020043000056.html,
2020-04-30,,[TV조선] 임영웅을 울컥하게 만든 신청곡,https://news.chosun.com/site/data/html_dir/2020/04/29/2020042904186.html,백수진
2020-04-30,,뇌종양 앓는 76세 노인… 상상 속 친구 돼준 스콧,https://news.chosun.com/site/data/html_dir/2020/04/30/2020043000202.html,최수현
2020-04-30,,"'앙숙' 전북과 수원, 개막 첫날부터 맞붙는다",https://news.chosun.com/site/data/html_dir/2020/04/30/2020043000200.html,문현웅
2020-04-30,,"음주 삼진아웃 강정호, 국내 복귀 추진",https://news.chosun.com/site/data/html_dir/2020/04/30/2020043000210.html,장민석
2020-04-30,,"[스포츠 브리핑] 삼성화재·우리카드, 3대4 맞트레이드 외",https://news.chosun.com/site/data/html_dir/2020/04/30/2020043000206.html,
2020-04-30,,[제25회 LG배 조선일보 기왕전] 戰線 복귀,https://news.chosun.com/site/data/html_dir/2020/04/29/2020042904195.html,이홍렬 바둑전문기자
2020-04-30,,관중석에 팬들 사진과 응원문구,https://news.chosun.com/site/data/html_dir/2020/04/30/2020043000212.html,
2020-04-30,,5월은 '서울연극제'로 시작하세요,https://news.chosun.com/site/data/html_dir/2020/04/30/2020043000194.html,
2020-04-30,,"""비스듬히… 서로 기대어 사는 게 인생""",https://news.chosun.com/site/data/html_dir/2020/04/30/2020043000190.html,박해현 문학전문기자
2020-04-30,,"나의 燈을 먼저 밝히세요, 그래야 다른 사람이 보입니다",https://news.chosun.com/site/data/html_dir/2020/04/30/2020043000188.html,순천=김한수 종교전문기자
2020-04-30,,"항모킬러 극초음속 미사일… 日, 2026년까지 개발키로",https://news.chosun.com/site/data/html_dir/2020/04/30/2020043000247.html,베이징=박수찬 특파원
2020-04-30,,"코로나로 연기한 兩會… 中, 내달 21일 열기로",https://news.chosun.com/site/data/html_dir/2020/04/30/2020043000249.html,베이징=박수찬 특파원
2020-04-30,,"마스크 안쓰고 병원 간 펜스 부통령, 외출금지 어기고 산책 간 뉴욕시장",https://news.chosun.com/site/data/html_dir/2020/04/30/2020043000245.html,워싱턴=조의준 특파원
2020-04-30,,"고기 떨어진 美… 트럼프 ""육류공장 가동하라"" 행정명령",https://news.chosun.com/site/data/html_dir/2020/04/30/2020043000242.html,김수경
2020-04-30,,[현미경] 코로나 사태 이전보다 세계 공기 더 나빠지나,https://news.chosun.com/site/data/html_dir/2020/04/30/2020043000251.html,김윤주
2020-04-30,,앞·옆 모두 칸막이 치고… 대만 초등학교의 점심시간,https://news.chosun.com/site/data/html_dir/2020/04/30/2020043000253.html,
2020-04-30,,[인사] 국무조정실·국무총리비서실 외,https://news.chosun.com/site/data/html_dir/2020/04/30/2020043000163.html,
2020-04-30,,[부음] 고석우 별세 외,https://news.chosun.com/site/data/html_dir/2020/04/30/2020043000159.html,
2020-04-30,,[발자취] '라이프 오브 파이' 출연한 인도 대표 배우,https://news.chosun.com/site/data/html_dir/2020/04/30/2020043000147.html,이옥진
2020-04-30,,30초 단역에서 월드 스타로… 다 계획이 있었구나,https://news.chosun.com/site/data/html_dir/2020/04/30/2020043000145.html,백수진
2020-04-30,,스페인 독감·암·코로나 모두 이겨낸 102세 할머니,https://news.chosun.com/site/data/html_dir/2020/04/30/2020043000161.html,이현택
2020-04-30,,방명걸·윤대진 '카길한림생명과학상',https://news.chosun.com/site/data/html_dir/2020/04/30/2020043000157.html,
2020-04-30,,이해우 동아대 차기 총장,https://news.chosun.com/site/data/html_dir/2020/04/30/2020043000151.html,
2020-04-30,,김현호 서재필기념회 이사장,https://news.chosun.com/site/data/html_dir/2020/04/30/2020043000149.html,
2020-04-30,,美대사관저 무단침입 대학생 4명 1심 유죄,https://news.chosun.com/site/data/html_dir/2020/04/30/2020043000083.html,양은경
2020-04-30,,"횡령 발뺌 김봉현 ""해외 도망간 김모씨가 주도""",https://news.chosun.com/site/data/html_dir/2020/04/30/2020043000087.html,박국희
2020-04-30,,[단독] 어느 임원의 '은퇴준비'… 정년 2년 앞둔 동안 협력사서 20억 뒷돈,https://news.chosun.com/site/data/html_dir/2020/04/30/2020043000081.html,박상현
2020-04-30,,'45억 뇌물 철거왕'의 오른팔이 잡혔다… 떨고 있는 정·관계,https://news.chosun.com/site/data/html_dir/2020/04/30/2020043000076.html,박상현
2020-04-30,,북한산·계룡산·치악산 등 도심 국립공원 북적,https://news.chosun.com/site/data/html_dir/2020/04/30/2020043000270.html,김효인
2020-04-30,,"황금연휴 시작, 날씨도 좋네",https://news.chosun.com/site/data/html_dir/2020/04/30/2020043000264.html,김효인
2020-04-30,,"코로나, 네 고향은 어디니?",https://news.chosun.com/site/data/html_dir/2020/04/30/2020043000261.html,김철중 의학전문기자
2020-04-30,,[오늘의 날씨] 2020년 4월 30일,https://news.chosun.com/site/data/html_dir/2020/04/30/2020043000061.html,
2020-04-30,,"한노총, 민노총이 주도한 정부대화 참여할 듯",https://news.chosun.com/site/data/html_dir/2020/04/30/2020043000268.html,곽래건
2020-04-30,,"""시장경제에 어긋나… 기업들 해외 탈출 부추길 것""",https://news.chosun.com/site/data/html_dir/2020/04/30/2020043000114.html,김은중
2020-04-30,,n번방 방지법 통과… 성착취물 소지해도 처벌,https://news.chosun.com/site/data/html_dir/2020/04/30/2020043000118.html,김경필
2020-04-30,,"김두관 ""심판 받더라도 부산시장 후보 내야""",https://news.chosun.com/site/data/html_dir/2020/04/30/2020043000116.html,김아진
2020-04-30,,美 1분기 성장률 -4.8%,https://news.chosun.com/site/data/html_dir/2020/04/30/2020043000279.html,최원석 국제경제전문기자
2020-04-30,,[주요경제지표] 2020년 4월 29일자,https://news.chosun.com/site/data/html_dir/2020/04/30/2020043000236.html,
2020-04-30,,5월부터 연 3~4%대 소상공인 2차 금융지원,https://news.chosun.com/site/data/html_dir/2020/04/30/2020043000232.html,최형석
2020-04-30,,"편의점·마트 거스름돈, 내 계좌로 바로 받는다",https://news.chosun.com/site/data/html_dir/2020/04/30/2020043000224.html,김은정
2020-04-30,,"99개월만에 무역적자… 기업들 ""1분기 바닥, 2분기는 지하실""",https://news.chosun.com/site/data/html_dir/2020/04/30/2020043000277.html,평택=송의달 선임기자
2020-04-30,,"HDC현대산업개발, 아시아나 인수 무기한 연기",https://news.chosun.com/site/data/html_dir/2020/04/30/2020043000230.html,김강한
2020-04-30,,"[타임아웃] 우승 간절한 롯데, 껌까지 맞춤형",https://news.chosun.com/site/data/html_dir/2020/04/30/2020043000208.html,김상윤
2020-04-30,,가전 덕본 LG전자 1분기 영업익 1조 넘어,https://news.chosun.com/site/data/html_dir/2020/04/30/2020043000222.html,진중언
2020-04-30,,"국민연금 가입 대기업 근로자, 두달새 1만명 급감",https://news.chosun.com/site/data/html_dir/2020/04/30/2020043000281.html,신은진
2020-04-30,,사막서 벼농사를?… UAE서 한국 벼 재배 성공,https://news.chosun.com/site/data/html_dir/2020/04/30/2020043000220.html,최규민
2020-04-30,, 직장인들 꼬박꼬박 내는데… 건강보험료 적자 작년 3조6000억,https://news.chosun.com/site/data/html_dir/2020/04/30/2020043000218.html,최규민
2020-04-30,,언택트 기업들만 코로나에 버텼다,https://news.chosun.com/site/data/html_dir/2020/04/30/2020043000132.html,김성민
2020-04-30,,우리 기업인 340명 베트남 예외 입국,https://news.chosun.com/site/data/html_dir/2020/04/30/2020043000234.html,
2020-04-30,,"구혜선·HB엔터, 계약해지 두고 상반된 입장 ""손해배상 전제""vs""사실과 달라"" [종합]",https://news.chosun.com/site/data/html_dir/2020/04/30/2020043000397.html,스포츠조선=정유나
2020-04-30,,"[이슈추적]딱 한번 음주도 최소 1년인데…, '강정호 복귀' 가능한 시나리오일까",https://news.chosun.com/site/data/html_dir/2020/04/30/2020043000435.html,스포츠조선=정현석
2020-04-30,,"윤석열, MBC부실영장 이성윤에 ""균형있게 조사하라""",https://news.chosun.com/site/data/html_dir/2020/04/30/2020043000079.html,김아사
2020-04-30,,"또 38명 화재 사망, 하나도 달라진게 없다",https://news.chosun.com/site/data/html_dir/2020/04/30/2020043000125.html,이천=권상은
2020-04-30,,"""아버지와 아들, 남동생과 조카 찾아주세요"" 화재 현장의 절규",https://news.chosun.com/site/data/html_dir/2020/04/30/2020043000107.html,이천=조철오
2020-04-30,,제천 스포츠센터·밀양 세종병원… 文정부 들어 잇단 대형화재,https://news.chosun.com/site/data/html_dir/2020/04/30/2020043000105.html,정지섭
2020-04-30,,이번에도 샌드위치 패널… 전수조사까지 해놓고 참사 되풀이,https://news.chosun.com/site/data/html_dir/2020/04/30/2020043000103.html,이천=이기우
2020-04-30,,"'라스' 임현주, '안경 쓴 아나운서'→노브라 챌린지…'당당함+소신' 입담 빛났다 [SC리뷰]",https://news.chosun.com/site/data/html_dir/2020/04/30/2020043000361.html,스포츠조선=김수현
2020-04-30,,"뉴캐슬 예비구단주, 주급 6억으로 포체티노 유혹? 랭킹 3위각(英매체)",https://news.chosun.com/site/data/html_dir/2020/04/30/2020043000141.html,스포츠조선=윤진만
2020-04-30,,[SC초점]연속도루에 더블스틸까지. SK 킹엄의 약점은 슬라이드 스텝?,https://news.chosun.com/site/data/html_dir/2020/04/30/2020043000353.html,스포츠조선=권인하
2020-04-30,,"""시즌 재개되면 김광현 역할, 활약 여부 미스테리"" 美 지역 언론",https://news.chosun.com/site/data/html_dir/2020/04/30/2020043000130.html,스포츠조선=한만성
2020-04-30,,[속보] '1가구 100만원까지' 全국민 지원금 추경 국회 통과,https://news.chosun.com/site/data/html_dir/2020/04/30/2020043000070.html,김경필
2020-04-30,,"'라스' 박해미·홍윤화·임현주·율희, 당당함+센스+입담 겸비한 '眞 팔방미인' [종합]",https://news.chosun.com/site/data/html_dir/2020/04/30/2020043000072.html,스포츠조선=김수현
2020-04-30,,"전국민 100만원, 내달 4일부터 순차 지급",https://news.chosun.com/site/data/html_dir/2020/04/30/2020043000048.html,김경필
2020-04-30,,[종합]'골목식당' 떡맥집X족발집 백종원의 진심 담긴 호통→튀김닭꼬치 성공,https://news.chosun.com/site/data/html_dir/2020/04/30/2020043000074.html,스포츠조선=이지현
2020-04-30,,피구→레알 캠벨→아스널 RVP→맨유…해축 논란의 이적 10선,https://news.chosun.com/site/data/html_dir/2020/04/30/2020043000331.html,스포츠조선=윤진만
2020-04-30,,"[종합]'마이웨이' 혜은이, 김동현과 30년만 이혼 ""패배자된 기분, 행복 찾아 살것""",https://news.chosun.com/site/data/html_dir/2020/04/30/2020043000021.html,스포츠조선=정유나
